[{"id":0,"firstName":"DEFAULT","lastName":"","mail":"DEFAULT@UNKNOWN","basket":[]},{"id":1,"firstName":"Sophia","lastName":"Akene","basket":[]},{"id":2,"firstName":"Johannes","lastName":"HP-sauce","basket":[]},{"id":3,"firstName":"Cami","lastName":"Millacat","basket":[{"productId":2,"amount":1000}]},{"id":4,"firstName":"Nanna","lastName":"Berg","basket":[{"productId":1,"amount":1},{"productId":2,"amount":1},{"productId":3,"amount":1}]},{"id":4,"firstName":"Camilla Krogh ","lastName":"Dalsgaard","mail":"ckdalsgaard@pm.me"}]